Date,Open,High,Low,Close,Volume,Adj Close
2015-01-15,69.82,70.10,68.74,68.76,8045900,68.76
2015-01-14,69.56,69.93,68.86,69.66,10175000,69.66
2015-01-13,71.29,71.69,69.96,70.51,7551500,70.51
2015-01-12,71.03,71.12,70.22,70.51,6023700,70.51
2015-01-09,71.71,71.77,70.81,70.89,5628900,70.89
2015-01-08,71.25,71.82,70.92,71.72,6399100,71.72
2015-01-07,70.73,70.73,70.01,70.66,7411000,70.66
2015-01-06,70.55,70.57,69.09,69.56,7165600,69.56
2015-01-05,71.36,71.53,70.11,70.26,8582900,70.26
2015-01-02,72.53,72.65,71.14,71.63,6180100,71.63
2014-12-31,72.67,72.97,72.12,72.15,6657900,72.15
2014-12-30,72.58,72.76,72.29,72.44,6051200,72.44
2014-12-29,72.19,72.91,72.03,72.78,23013600,72.78
2014-12-26,72.04,72.38,71.94,72.23,14102300,72.23
2014-12-24,72.15,72.15,71.82,71.84,1687800,71.84
2014-12-23,71.80,72.19,71.71,71.96,7337300,71.96
2014-12-22,71.00,71.56,71.00,71.56,4950300,71.56
2014-12-19,70.88,71.07,70.46,70.87,9830100,70.87
2014-12-18,70.81,70.97,70.07,70.97,18841100,70.68
2014-12-17,68.82,69.94,68.64,69.82,9713900,69.53
2014-12-16,69.35,69.86,68.45,68.51,9114800,68.23
2014-12-15,70.39,70.55,69.22,69.58,8882500,69.29
2014-12-12,70.14,70.75,69.86,70.00,12176100,69.71
2014-12-11,70.19,71.08,70.14,70.45,17569800,70.16
2014-12-10,70.70,70.81,69.81,69.88,5444100,69.59
2014-12-09,70.55,70.88,69.97,70.82,4438000,70.53
2014-12-08,71.38,71.53,70.71,70.95,4202900,70.66
2014-12-05,71.39,71.65,71.37,71.53,4480500,71.23
2014-12-04,71.35,71.51,71.02,71.37,6083300,71.08
2014-12-03,71.40,71.48,71.09,71.41,5657700,71.12
2014-12-02,71.12,71.43,71.08,71.29,5162000,71.00
2014-12-01,71.60,71.61,70.92,71.02,11885500,70.73
2014-11-28,71.25,71.95,71.25,71.81,3357200,71.51
2014-11-26,70.94,71.01,70.82,70.95,2337400,70.66
2014-11-25,70.98,71.18,70.70,70.96,4250900,70.67
2014-11-24,70.46,70.77,70.32,70.74,3342600,70.45
2014-11-21,70.59,70.66,69.91,70.09,7782200,69.80
2014-11-20,69.30,70.10,69.28,69.92,5353100,69.63
2014-11-19,69.45,69.67,69.25,69.62,5017600,69.33
2014-11-18,69.05,69.50,69.02,69.33,4474500,69.04
2014-11-17,69.05,69.41,69.01,69.20,4031100,68.91
2014-11-14,69.08,69.31,68.93,69.28,9558000,68.99
2014-11-13,68.35,69.19,68.35,69.01,10800000,68.73
2014-11-12,68.04,68.69,68.04,68.58,5266600,68.30
2014-11-11,68.05,68.27,67.86,68.26,3223000,67.98
2014-11-10,68.13,68.15,67.56,67.97,2650400,67.69
2014-11-07,67.90,68.08,67.72,68.01,3771000,67.73
2014-11-06,67.64,68.16,67.54,68.12,11250000,67.84
2014-11-05,67.85,67.87,67.17,67.55,10753400,67.27
2014-11-04,67.74,67.85,66.93,67.28,4944600,67.00
2014-11-03,68.26,68.26,67.97,68.10,15926100,67.82
2014-10-31,68.34,68.41,67.91,68.10,4739400,67.82
2014-10-30,66.86,67.64,65.00,67.44,5101900,67.16
2014-10-29,67.29,67.43,66.65,67.00,4885300,66.72
2014-10-28,66.76,67.22,66.53,67.20,7694500,66.92
2014-10-27,66.26,66.63,66.06,66.48,3720800,66.21
2014-10-24,66.21,66.40,65.87,66.35,4507100,66.08
2014-10-23,66.25,66.86,66.10,66.41,5183800,66.14
2014-10-22,66.28,66.44,65.47,65.52,7764600,65.25
2014-10-21,65.12,66.16,65.06,66.09,5534500,65.82
2014-10-20,63.78,64.89,63.78,64.83,6192200,64.56
2014-10-17,63.75,64.48,63.68,63.94,8512100,63.68
2014-10-16,61.76,63.66,61.76,63.24,12682200,62.98
2014-10-15,62.80,63.49,61.68,63.17,15093200,62.91
2014-10-14,63.62,64.19,63.38,63.70,11245000,63.44
2014-10-13,64.52,64.67,63.19,63.24,21310700,62.98
2014-10-10,65.01,65.57,64.55,64.55,11009100,64.28
2014-10-09,66.59,66.59,65.11,65.12,22700800,64.85
2014-10-08,65.65,66.75,65.27,66.63,7153100,66.35
2014-10-07,66.29,66.42,65.60,65.60,6450100,65.33
2014-10-06,67.14,67.28,66.45,66.59,3890700,66.32
2014-10-03,66.52,67.16,66.39,66.95,4959800,66.67
2014-10-02,65.83,66.21,65.04,66.10,7484600,65.83
2014-10-01,66.54,66.66,65.70,65.80,6557000,65.53
2014-09-30,67.23,67.23,66.59,66.69,4428300,66.41
2014-09-29,66.84,67.35,66.77,67.06,6840600,66.78
2014-09-26,67.03,67.56,66.94,67.41,2593400,67.13
2014-09-25,67.54,67.61,66.68,66.72,4639600,66.44
2014-09-24,67.07,67.74,66.84,67.71,6343100,67.43
2014-09-23,67.30,67.54,66.95,66.95,5486700,66.67
2014-09-22,68.27,68.38,67.36,67.53,5424500,67.25
2014-09-19,68.74,68.89,68.33,68.49,5923600,68.21
2014-09-18,68.60,68.77,68.46,68.69,2812600,68.18
2014-09-17,68.45,68.72,68.12,68.39,6401400,67.88
2014-09-16,67.89,68.60,67.78,68.42,2846800,67.91
2014-09-15,68.33,68.42,67.92,68.07,2911100,67.56
2014-09-12,68.48,68.59,68.10,68.35,2913400,67.84
2014-09-11,68.22,68.61,68.22,68.55,2438600,68.04
2014-09-10,68.44,68.55,68.07,68.52,2869100,68.01
2014-09-09,68.88,68.95,68.23,68.28,2558400,67.77
2014-09-08,69.09,69.17,68.68,68.97,2500800,68.46
2014-09-05,68.87,69.29,68.65,69.26,2668600,68.74
2014-09-04,68.87,69.33,68.87,69.03,3733400,68.52
2014-09-03,69.24,69.25,68.71,68.77,2606600,68.26
2014-09-02,68.85,69.17,68.63,68.95,9520200,68.44
2014-08-29,68.91,69.00,68.58,68.82,2309200,68.31
2014-08-28,68.63,68.91,68.47,68.83,2313100,68.32
2014-08-27,68.87,69.03,68.79,68.92,1798500,68.41
2014-08-26,68.89,69.03,68.75,68.85,2020800,68.34
2014-08-25,68.97,68.99,68.73,68.84,3967600,68.33
2014-08-22,68.57,68.74,68.36,68.64,3290700,68.13
2014-08-21,68.66,68.68,68.46,68.51,1999300,68.00
2014-08-20,68.06,68.68,68.05,68.57,5004000,68.06
2014-08-19,68.11,68.35,68.00,68.25,3746900,67.74
2014-08-18,67.58,67.85,67.50,67.74,4746900,67.24
2014-08-15,67.47,67.54,66.65,67.12,6432600,66.62
2014-08-14,66.85,67.25,66.73,67.25,5599600,66.75
2014-08-13,66.69,66.90,66.53,66.73,3394600,66.23
2014-08-12,66.57,66.85,66.32,66.49,3127100,65.99
2014-08-11,66.63,66.85,66.52,66.66,5032500,66.16
2014-08-08,65.35,66.41,65.35,66.36,5570900,65.87
2014-08-07,66.11,66.23,65.16,65.35,6364500,64.86
2014-08-06,65.37,66.11,65.33,65.69,10961700,65.20
2014-08-05,66.00,66.32,65.60,65.83,9897100,65.34
2014-08-04,65.82,66.50,65.77,66.29,16942600,65.80
2014-08-01,65.70,66.11,65.35,65.65,6088800,65.16
2014-07-31,66.65,66.76,65.84,65.89,6449600,65.40
2014-07-30,67.01,67.19,66.72,67.13,23867500,66.63
2014-07-29,67.06,67.41,66.75,66.76,3584700,66.26
2014-07-28,66.83,67.02,66.52,66.95,2803800,66.45
2014-07-25,67.07,67.20,66.71,66.82,3852700,66.32
2014-07-24,67.54,67.78,67.49,67.57,3976800,67.07
2014-07-23,67.48,67.49,67.21,67.42,5389300,66.92
2014-07-22,67.34,67.61,67.26,67.47,4410100,66.97
2014-07-21,67.28,67.41,66.99,67.19,3706900,66.69
2014-07-18,67.10,67.52,67.01,67.50,3454900,67.00
2014-07-17,67.36,67.66,66.77,66.88,5637400,66.38
2014-07-16,67.87,68.03,67.43,67.52,23470600,67.02
2014-07-15,67.40,67.63,67.03,67.35,4157000,66.85
2014-07-14,67.74,67.79,67.50,67.58,3422800,67.08
2014-07-11,67.28,67.43,67.14,67.39,7041100,66.89
2014-07-10,66.82,67.46,66.81,67.17,4842300,66.67
2014-07-09,67.18,67.86,67.10,67.80,18565100,67.29
2014-07-08,67.54,67.56,66.84,66.99,5100300,66.49
2014-07-07,67.85,67.97,67.58,67.65,3090400,67.15
2014-07-03,67.75,68.13,67.69,68.07,1747400,67.56
2014-07-02,67.50,67.68,67.45,67.55,1748900,67.05
2014-07-01,66.91,67.60,66.83,67.45,3830600,66.95
2014-06-30,66.72,66.89,66.61,66.74,2527500,66.24
2014-06-27,66.49,66.84,66.45,66.77,5204900,66.27
2014-06-26,66.56,66.61,66.07,66.61,3079500,66.11
2014-06-25,65.83,66.64,65.83,66.56,3945700,66.06
2014-06-24,66.00,66.57,65.91,66.00,3908700,65.51
2014-06-23,66.00,66.21,65.88,66.16,4289200,65.67
2014-06-20,66.51,66.59,66.00,66.08,5011100,65.59
2014-06-19,66.73,66.91,66.36,66.54,2980200,65.83
2014-06-18,66.14,66.75,66.04,66.70,5840300,65.99
2014-06-17,65.97,66.27,65.79,66.20,4017700,65.50
2014-06-16,65.56,66.01,65.56,65.94,3553000,65.24
2014-06-13,65.78,65.95,65.40,65.79,4962800,65.09
2014-06-12,66.61,66.61,65.61,65.76,4549600,65.06
2014-06-11,66.62,66.76,66.37,66.61,3027900,65.90
2014-06-10,66.79,66.93,66.71,66.81,5461600,66.10
2014-06-09,66.97,67.26,66.85,66.94,2568700,66.23
2014-06-06,66.65,66.93,66.60,66.92,3203900,66.21
2014-06-05,66.20,66.62,65.89,66.53,2703400,65.82
2014-06-04,65.58,66.17,65.49,66.10,2161100,65.40
2014-06-03,65.66,65.90,65.62,65.78,2243300,65.08
2014-06-02,65.80,65.95,65.51,65.90,3048700,65.20
2014-05-30,65.52,65.70,65.40,65.68,3052000,64.98
2014-05-29,65.55,65.63,65.30,65.62,2948000,64.92
2014-05-28,65.45,65.52,65.03,65.35,10106200,64.66
2014-05-27,65.33,65.50,65.25,65.42,3402600,64.73
2014-05-23,64.64,65.11,64.53,65.08,1985100,64.39
2014-05-22,64.22,64.68,64.11,64.57,5257500,63.88
2014-05-21,63.64,64.28,63.64,64.23,3889000,63.55
2014-05-20,63.70,63.96,63.27,63.46,4849000,62.79
2014-05-19,63.57,64.08,63.39,64.04,2738600,63.36
2014-05-16,63.28,63.79,63.06,63.75,3011400,63.07
2014-05-15,63.50,63.62,62.63,63.28,5706200,62.61
2014-05-14,64.34,64.43,63.62,63.74,4285500,63.06
2014-05-13,64.74,64.93,64.33,64.46,4959900,63.78
2014-05-12,64.10,64.67,64.03,64.64,5711600,63.95
2014-05-09,63.46,63.88,63.12,63.84,5060800,63.16
2014-05-08,63.19,64.10,63.14,63.49,5760400,62.82
2014-05-07,63.67,63.70,62.83,63.31,4394900,62.64
2014-05-06,64.10,64.23,63.39,63.39,4197700,62.72
2014-05-05,63.94,64.36,63.69,64.31,3347900,63.63
2014-05-02,64.17,64.63,64.09,64.25,4111500,63.57
2014-05-01,63.92,64.38,63.88,64.09,4175300,63.41
2014-04-30,63.36,63.93,63.28,63.84,7794600,63.16
2014-04-29,63.48,63.65,63.02,63.57,4410200,62.90
2014-04-28,63.71,63.85,62.49,63.28,9346700,62.61
2014-04-25,64.11,64.11,63.35,63.44,4735500,62.77
2014-04-24,64.45,64.77,64.00,64.54,3683700,63.86
2014-04-23,64.42,64.67,64.12,64.19,2827000,63.51
2014-04-22,64.11,64.75,64.11,64.49,4675800,63.81
2014-04-21,63.75,64.00,63.57,63.94,10586600,63.26
2014-04-17,63.50,63.98,63.50,63.77,4953500,63.09
2014-04-16,63.61,63.70,63.08,63.69,4754300,63.01
2014-04-15,62.94,63.15,61.84,62.81,9688900,62.14
2014-04-14,62.72,63.01,62.22,62.73,4701100,62.06
2014-04-11,62.54,63.09,62.12,62.24,8446200,61.58
2014-04-10,64.63,64.72,63.06,63.11,10075500,62.44
2014-04-09,64.17,64.74,63.93,64.72,3841400,64.03
2014-04-08,63.34,64.09,63.21,64.03,4750500,63.35
2014-04-07,64.40,64.48,63.00,63.39,7588700,62.72
2014-04-04,66.15,66.15,64.53,64.65,7400100,63.96
2014-04-03,66.23,66.25,65.42,65.74,5369700,65.04
2014-04-02,65.67,66.17,65.65,66.06,5043400,65.36
2014-04-01,64.91,65.67,64.77,65.62,5074800,64.92
2014-03-31,64.66,64.92,64.63,64.72,5679000,64.03
2014-03-28,64.01,64.66,63.95,64.28,5683700,63.60
2014-03-27,64.00,64.17,63.53,63.80,6348800,63.12
2014-03-26,64.92,64.98,64.09,64.11,6956700,63.43
2014-03-25,65.18,65.42,64.30,64.63,5861200,63.94
2014-03-24,65.75,65.93,64.71,65.02,12355500,64.33
2014-03-21,66.52,66.54,65.62,65.68,6231100,64.98
2014-03-20,66.09,66.44,65.77,66.31,3761800,65.40
2014-03-19,66.61,66.65,65.76,66.14,6058100,65.23
2014-03-18,66.44,66.70,66.31,66.58,3222900,65.67
2014-03-17,66.14,66.48,66.12,66.29,3231500,65.38
2014-03-14,65.84,66.23,65.68,65.85,4786100,64.95
2014-03-13,67.08,67.08,65.61,65.91,11268300,65.01
2014-03-12,66.46,66.78,66.15,66.72,4786500,65.80
2014-03-11,67.47,67.47,66.63,66.82,4390200,65.90
2014-03-10,67.36,67.37,66.86,67.21,3274600,66.29
2014-03-07,67.85,67.85,67.24,67.39,4339900,66.47
2014-03-06,67.43,67.63,67.23,67.49,5255300,66.56
2014-03-05,67.18,67.32,67.05,67.32,7568100,66.40
2014-03-04,66.89,67.14,66.82,67.04,4391100,66.12
2014-03-03,66.16,66.42,65.71,66.21,8668800,65.30
2014-02-28,66.57,67.07,66.32,66.84,6994100,65.92
2014-02-27,66.27,66.61,66.06,66.57,4386800,65.66
2014-02-26,66.09,66.69,65.97,66.30,5488500,65.39
2014-02-25,65.58,66.01,65.47,65.93,4538300,65.03
2014-02-24,65.26,65.90,65.25,65.47,3215500,64.57
2014-02-21,65.31,65.41,65.08,65.20,4375200,64.31
2014-02-20,64.92,65.17,64.65,65.07,4698700,64.18
2014-02-19,65.17,65.37,64.61,64.72,6304400,63.83
2014-02-18,65.50,65.50,64.97,65.25,3578200,64.36
2014-02-14,64.75,65.41,64.68,65.17,4828500,64.28
2014-02-13,64.21,64.92,64.20,64.78,6584500,63.89
2014-02-12,64.65,64.83,64.40,64.58,4223300,63.69
2014-02-11,64.24,64.73,64.10,64.52,5647400,63.64
2014-02-10,64.18,64.18,63.76,64.05,4670600,63.17
2014-02-07,63.75,64.17,63.45,64.09,6270500,63.21
2014-02-06,62.20,63.36,62.20,63.31,8293800,62.44
2014-02-05,61.76,62.15,61.11,62.00,7747800,61.15
2014-02-04,61.63,62.04,61.42,61.92,9495200,61.07
2014-02-03,62.76,62.96,61.03,61.17,32477700,60.33
2014-01-31,62.71,63.31,62.43,62.82,6825700,61.96
2014-01-30,63.11,63.91,63.11,63.72,12737100,62.85
2014-01-29,63.14,63.37,62.57,62.67,17415100,61.81
2014-01-28,63.50,63.89,63.46,63.69,4731800,62.82
2014-01-27,63.62,63.77,62.72,63.25,7218000,62.38
2014-01-24,64.35,64.45,63.48,63.50,8622300,62.63
2014-01-23,65.02,65.08,64.43,64.74,7973100,63.85
2014-01-22,65.14,65.25,64.90,65.20,4636000,64.31
2014-01-21,65.31,65.48,64.62,65.03,10439400,64.14
2014-01-17,65.34,65.48,64.97,65.09,5587000,64.20
2014-01-16,65.70,65.70,65.24,65.38,6332000,64.48
2014-01-15,65.66,65.92,65.62,65.73,5855000,64.83
2014-01-14,65.33,65.61,64.99,65.57,6090600,64.67
2014-01-13,66.30,66.30,64.91,65.01,6980700,64.12
2014-01-10,66.23,66.40,65.94,66.34,4630500,65.43
2014-01-09,66.32,66.36,65.75,66.14,5081900,65.23
2014-01-08,66.29,66.37,65.97,66.15,5789500,65.24
2014-01-07,66.52,66.52,66.00,66.33,3085700,65.42
2014-01-06,66.42,66.57,65.78,65.93,4078800,65.03
2014-01-03,66.56,66.73,66.31,66.34,3772800,65.43
2014-01-02,66.70,66.83,66.28,66.52,4331900,65.61
2013-12-31,66.73,66.85,66.55,66.83,3675800,65.91
2013-12-30,66.42,66.60,66.29,66.57,2116100,65.66
2013-12-27,66.69,66.72,66.24,66.27,3142500,65.36
2013-12-26,66.32,66.59,66.20,66.58,5031400,65.67
2013-12-24,65.90,66.14,65.90,66.09,1992000,65.18
2013-12-23,65.97,65.97,65.64,65.95,3689400,65.05
2013-12-20,65.55,65.83,65.46,65.66,7393500,64.76
2013-12-19,65.64,65.76,65.37,65.65,6007700,64.49
2013-12-18,64.72,65.74,64.12,65.69,9749800,64.53
2013-12-17,64.98,65.01,64.49,64.73,3691800,63.59
2013-12-16,64.72,65.10,64.71,64.90,3486200,63.75
2013-12-13,64.45,64.71,64.41,64.48,3312400,63.34
2013-12-12,64.50,64.57,64.22,64.32,3568000,63.18
2013-12-11,65.16,65.26,64.41,64.52,5710100,63.38
2013-12-10,65.03,65.28,64.98,65.12,3267300,63.97
2013-12-09,65.16,65.40,64.99,65.08,5283900,63.93
2013-12-06,65.24,65.24,64.71,65.13,3923100,63.98
2013-12-05,64.34,64.76,64.32,64.59,4089200,63.45
2013-12-04,64.39,64.92,64.05,64.52,5417800,63.38
2013-12-03,65.05,65.05,64.41,64.67,4116100,63.53
2013-12-02,65.52,65.75,65.16,65.29,4157900,64.14
2013-11-29,65.69,65.86,65.49,65.60,3499000,64.44
2013-11-27,65.66,65.69,65.22,65.54,3108800,64.38
2013-11-26,64.85,65.47,64.85,65.29,3531500,64.14
2013-11-25,65.02,65.14,64.81,64.91,3329200,63.76
2013-11-22,64.41,64.87,64.35,64.85,4415200,63.71
2013-11-21,64.03,64.56,63.94,64.49,3325400,63.35
2013-11-20,64.35,64.50,63.66,63.83,4551700,62.70
2013-11-19,64.48,64.67,64.08,64.16,6360900,63.03
2013-11-18,65.05,65.09,64.28,64.44,4893000,63.30
2013-11-15,64.87,64.98,64.62,64.95,5137800,63.80
2013-11-14,64.38,64.80,64.28,64.73,5938100,63.59
2013-11-13,63.05,64.28,63.00,64.28,6654600,63.15
2013-11-12,63.14,63.45,62.98,63.28,4446400,62.16
2013-11-11,63.34,63.53,63.12,63.39,5229200,62.27
2013-11-08,62.45,63.32,62.33,63.29,8287200,62.17
2013-11-07,63.81,63.89,62.25,62.30,9667700,61.20
2013-11-06,64.05,64.21,63.51,63.62,4523700,62.50
2013-11-05,63.60,63.91,63.20,63.78,4016500,62.65
2013-11-04,63.65,63.83,63.46,63.78,4990600,62.65
2013-11-01,63.71,63.74,63.21,63.56,4412800,62.44
2013-10-31,63.26,63.81,63.11,63.41,7640500,62.29
2013-10-30,63.76,63.80,62.88,63.25,5721100,62.13
2013-10-29,63.39,63.56,63.03,63.56,7715900,62.44
2013-10-28,63.27,63.30,62.94,63.19,4898700,62.07
2013-10-25,63.17,63.39,62.97,63.31,3882500,62.19
2013-10-24,62.51,62.89,62.34,62.84,5124200,61.73
2013-10-23,62.37,62.59,62.01,62.22,5246400,61.12
2013-10-22,62.44,62.83,62.24,62.62,6774700,61.51
2013-10-21,62.14,62.20,61.90,62.20,3158000,61.10
2013-10-18,61.87,62.15,61.67,62.04,5243300,60.94
2013-10-17,60.95,61.70,60.95,61.66,4935800,60.57
2013-10-16,60.86,61.25,60.71,61.21,5537800,60.13
2013-10-15,60.92,60.95,60.36,60.46,13368100,59.39
2013-10-14,60.43,61.05,60.32,61.04,6048800,59.96
2013-10-11,60.20,60.79,60.15,60.79,8827800,59.72
2013-10-10,59.55,60.34,59.55,60.27,6104400,59.21
2013-10-09,59.19,59.23,58.45,58.90,11607900,57.86
2013-10-08,60.20,60.20,59.12,59.17,7899500,58.13
2013-10-07,60.56,60.71,60.12,60.12,5309200,59.06
2013-10-04,60.57,61.07,60.38,60.98,3969200,59.90
2013-10-03,60.92,61.15,60.15,60.41,5199200,59.34
2013-10-02,60.89,61.11,60.55,61.10,5518300,60.02
2013-10-01,60.60,61.16,60.60,61.12,6192300,60.04
2013-09-30,60.23,60.78,60.17,60.63,5381600,59.56
2013-09-27,60.64,60.93,60.59,60.86,4953300,59.79
2013-09-26,60.28,60.87,60.28,60.85,3516800,59.78
2013-09-25,60.68,60.71,60.19,60.28,5720700,59.22
2013-09-24,60.54,60.99,60.33,60.65,3862600,59.58
2013-09-23,60.83,60.90,60.22,60.49,7157200,59.42
2013-09-20,61.34,61.51,60.90,60.96,7688300,59.88
2013-09-19,61.73,61.75,61.39,61.51,6338700,60.25
2013-09-18,60.74,61.74,60.54,61.53,9662200,60.27
2013-09-17,60.40,60.89,60.40,60.83,4240500,59.58
2013-09-16,60.93,61.01,60.38,60.48,6472800,59.24
2013-09-13,60.10,60.25,59.84,60.21,5629200,58.97
2013-09-12,60.10,60.28,59.79,60.04,4258700,58.81
2013-09-11,59.68,60.18,59.68,60.18,5099200,58.94
2013-09-10,59.41,59.76,59.41,59.74,4429600,58.51
2013-09-09,58.86,59.27,58.75,59.17,4365200,57.96
2013-09-06,59.02,59.09,58.07,58.65,5950300,57.45
2013-09-05,58.78,59.03,58.66,58.72,5030300,57.51
2013-09-04,58.01,58.80,58.01,58.70,5420800,57.50
2013-09-03,58.33,58.61,57.86,58.09,8020600,56.90
2013-08-30,58.13,58.13,57.48,57.68,5866900,56.50
2013-08-29,57.65,58.34,57.58,58.04,5096000,56.85
2013-08-28,57.41,57.94,57.31,57.76,3552600,56.57
2013-08-27,57.79,58.09,57.41,57.45,6975500,56.27
2013-08-26,58.60,58.92,58.37,58.40,4175800,57.20
2013-08-23,58.61,58.69,58.24,58.52,2802000,57.32
2013-08-22,58.01,58.72,57.86,58.51,5790700,57.31
2013-08-21,58.27,58.43,57.74,57.93,5249600,56.74
2013-08-20,58.05,58.60,58.05,58.43,3474200,57.23
2013-08-19,58.06,58.36,57.84,57.84,3335000,56.65
2013-08-16,58.11,58.56,58.09,58.09,6454500,56.90
2013-08-15,58.91,58.97,58.10,58.30,15395800,57.10
2013-08-14,59.75,59.88,59.31,59.34,6380000,58.12
2013-08-13,60.00,60.11,59.53,60.00,3771900,58.77
2013-08-12,59.76,60.19,59.70,60.00,3499000,58.77
2013-08-09,60.26,60.44,59.89,60.08,3123100,58.85
2013-08-08,60.10,60.38,59.81,60.21,3020000,58.97
2013-08-07,60.02,60.17,59.65,59.81,3559300,58.58
2013-08-06,60.47,60.61,59.98,60.34,3169300,59.10
2013-08-05,60.61,60.68,60.45,60.59,1827300,59.35
2013-08-02,60.19,60.75,60.15,60.72,3737500,59.47
2013-08-01,59.86,60.40,59.78,60.29,4130300,59.05
2013-07-31,59.27,59.80,59.27,59.37,5249100,58.15
2013-07-30,59.45,59.45,58.99,59.06,3298000,57.85
2013-07-29,59.42,59.55,59.09,59.21,4285300,57.99
2013-07-26,59.14,59.56,58.94,59.52,3026500,58.30
2013-07-25,59.20,59.34,58.96,59.33,3720900,58.11
2013-07-24,59.73,59.79,59.12,59.25,3852300,58.03
2013-07-23,59.62,59.74,59.37,59.45,3843000,58.23
2013-07-22,59.62,59.71,59.30,59.53,4161700,58.31
2013-07-19,59.59,59.76,59.41,59.57,5574800,58.35
2013-07-18,59.38,59.81,59.38,59.62,3148100,58.40
2013-07-17,59.39,59.42,59.18,59.28,5422500,58.06
2013-07-16,59.59,59.66,59.03,59.25,4794400,58.03
2013-07-15,59.90,59.90,59.55,59.57,3608400,58.35
2013-07-12,59.38,59.76,59.34,59.72,4475600,58.49
2013-07-11,59.23,59.49,59.10,59.44,7162000,58.22
2013-07-10,58.47,58.70,58.23,58.60,9805200,57.40
2013-07-09,58.63,58.72,58.36,58.54,6347100,57.34
2013-07-08,58.15,58.41,58.06,58.31,13217300,57.11
2013-07-05,57.63,57.81,57.15,57.77,6366300,56.58
2013-07-03,56.59,57.50,56.50,57.15,2620500,55.98
2013-07-02,56.72,57.28,56.66,56.89,3030900,55.72
2013-07-01,56.76,57.19,56.65,56.79,9685600,55.62
2013-06-28,56.10,56.73,56.05,56.40,7999100,55.24
2013-06-27,56.01,56.43,56.00,56.20,3948500,55.05
2013-06-26,55.47,55.85,55.46,55.72,6192800,54.58
2013-06-25,55.04,55.22,54.72,55.03,4402000,53.90
2013-06-24,54.48,54.94,53.96,54.54,7004800,53.42
2013-06-21,55.35,55.42,54.47,55.04,11942700,53.91
2013-06-20,56.01,56.09,54.95,55.11,12942500,53.81
2013-06-19,57.28,57.38,56.58,56.59,8763900,55.25
2013-06-18,56.70,57.33,56.70,57.24,4659800,55.89
2013-06-17,56.66,57.01,56.33,56.66,4676800,55.32
2013-06-14,56.45,56.71,56.19,56.35,6738200,55.02
2013-06-13,55.48,56.62,55.40,56.53,6316600,55.19
2013-06-12,56.49,56.55,55.41,55.49,5304500,54.18
2013-06-11,56.06,56.62,55.93,56.11,5789300,54.78
2013-06-10,57.07,57.07,56.58,56.67,5974400,55.33
2013-06-07,56.15,56.86,56.03,56.84,4755900,55.50
2013-06-06,55.28,55.82,54.92,55.82,7424800,54.50
2013-06-05,55.92,56.08,55.13,55.24,12105700,53.93
2013-06-04,56.43,56.77,55.77,56.17,8061700,54.84
2013-06-03,56.27,56.41,55.63,56.37,7899600,55.04
2013-05-31,56.65,57.11,56.08,56.12,8268800,54.79
2013-05-30,56.96,57.23,56.71,56.76,3712600,55.42
2013-05-29,57.08,57.08,56.53,56.76,4506900,55.42
2013-05-28,57.47,57.74,57.10,57.35,6501000,55.99
2013-05-24,56.64,56.83,56.28,56.80,5170900,55.46
2013-05-23,56.46,57.07,56.38,56.97,5479100,55.62
2013-05-22,57.69,58.09,56.83,57.09,9568600,55.74
2013-05-21,57.57,57.86,57.37,57.64,3839800,56.28
2013-05-20,57.42,57.61,57.26,57.38,4833700,56.02
2013-05-17,57.15,57.59,57.13,57.55,5710700,56.19
2013-05-16,57.52,57.70,56.91,57.00,5974700,55.65
2013-05-15,57.29,57.71,57.29,57.67,4756400,56.31
2013-05-14,56.81,57.41,56.80,57.36,3509400,56.00
2013-05-13,56.71,56.81,56.49,56.78,2257200,55.44
2013-05-10,56.38,56.77,56.38,56.77,2966400,55.43
2013-05-09,56.32,56.58,56.14,56.33,6649300,55.00
2013-05-08,56.16,56.25,55.96,56.23,3396800,54.90
2013-05-07,55.88,56.19,55.61,56.19,4618500,54.86
2013-05-06,55.56,55.82,55.45,55.72,3195500,54.40
2013-05-03,55.30,55.70,55.25,55.54,6508700,54.23
2013-05-02,54.35,54.88,54.35,54.85,3028700,53.55
2013-05-01,54.52,54.75,54.26,54.32,4271400,53.04
2013-04-30,54.49,54.63,54.36,54.61,3848200,53.32
2013-04-29,54.51,54.67,54.28,54.46,3157800,53.17
2013-04-26,54.45,54.49,54.12,54.27,2473100,52.99
2013-04-25,54.15,54.69,54.15,54.51,6805200,53.22
2013-04-24,54.23,54.42,53.91,54.05,2919100,52.77
2013-04-23,53.87,54.10,53.45,54.01,5339200,52.73
2013-04-22,53.27,53.56,52.87,53.47,4561400,52.21
2013-04-19,52.59,53.28,52.57,53.24,6410100,51.98
2013-04-18,53.28,53.31,52.33,52.61,8753000,51.37
2013-04-17,53.45,53.48,52.90,53.19,8970400,51.93
2013-04-16,53.38,53.74,53.21,53.74,6701300,52.47
2013-04-15,54.12,54.26,52.98,52.98,9074000,51.73
2013-04-12,54.01,54.41,53.96,54.41,7789800,53.12
2013-04-11,53.72,54.37,53.72,54.12,6266500,52.84
2013-04-10,53.23,53.74,53.12,53.67,5008600,52.40
2013-04-09,53.25,53.27,52.80,53.05,5316400,51.80
2013-04-08,52.55,53.19,52.54,53.19,4471800,51.93
2013-04-05,52.23,52.67,51.95,52.59,4086600,51.35
2013-04-04,52.50,52.94,52.49,52.85,4436400,51.60
2013-04-03,53.15,53.17,52.38,52.55,6844800,51.31
2013-04-02,52.77,53.16,52.77,53.04,4598900,51.79
2013-04-01,52.99,53.13,52.54,52.60,5974800,51.36
2013-03-28,52.83,53.05,52.74,53.00,3800600,51.75
2013-03-27,52.56,52.86,52.38,52.81,3373600,51.56
2013-03-26,52.61,52.81,52.53,52.79,3302100,51.54
2013-03-25,52.74,52.95,52.28,52.53,4548900,51.29
2013-03-22,52.26,52.64,52.23,52.62,6912000,51.38
2013-03-21,52.14,52.30,51.81,51.98,5189400,50.75
2013-03-20,52.15,52.54,52.15,52.42,4117700,51.18
2013-03-19,52.38,52.38,51.47,51.82,6250500,50.59
2013-03-18,52.12,52.41,51.93,52.19,5213200,50.96
2013-03-15,52.70,52.78,52.48,52.59,6049000,51.35
2013-03-14,52.98,53.01,52.76,52.95,3709200,51.54
2013-03-13,52.62,52.92,52.54,52.89,3836500,51.48
2013-03-12,52.70,52.79,52.43,52.60,3725000,51.20
2013-03-11,52.57,52.79,52.51,52.75,3207300,51.35
2013-03-08,52.36,52.70,52.15,52.62,4043000,51.22
2013-03-07,52.01,52.10,51.92,52.07,3343200,50.69
2013-03-06,52.13,52.31,51.92,51.98,3526400,50.60
2013-03-05,51.73,52.09,51.67,52.02,6244400,50.64
2013-03-04,50.83,51.50,50.83,51.50,7059100,50.13
2013-03-01,50.44,51.05,50.34,51.05,4531800,49.69
2013-02-28,50.62,51.08,50.57,50.93,5825500,49.58
2013-02-27,50.02,50.85,49.90,50.68,5101400,49.33
2013-02-26,49.64,50.01,49.48,49.92,7872500,48.59
2013-02-25,50.50,50.55,49.40,49.43,5324200,48.12
2013-02-22,50.14,50.23,49.82,50.21,5339700,48.88
2013-02-21,50.23,50.28,49.76,49.93,8753500,48.60
2013-02-20,51.12,51.23,50.34,50.35,6987500,49.01
2013-02-19,50.97,51.17,50.89,51.13,7060200,49.77
2013-02-15,50.92,51.17,50.67,50.94,12289100,49.59
2013-02-14,50.68,50.98,50.66,50.88,4687600,49.53
2013-02-13,51.06,51.19,50.70,50.86,5832400,49.51
2013-02-12,50.56,50.85,50.55,50.75,4565100,49.40
2013-02-11,50.76,50.76,50.46,50.55,2386600,49.21
2013-02-08,50.45,50.75,50.37,50.72,2926100,49.37
2013-02-07,50.46,50.51,49.83,50.33,5165400,48.99
2013-02-06,50.38,50.59,50.20,50.44,5066400,49.10
2013-02-05,50.03,50.51,49.98,50.33,5863800,48.99
2013-02-04,50.13,50.31,49.78,49.80,4108600,48.48
2013-02-01,50.47,50.61,50.32,50.42,5154300,49.08
2013-01-31,50.26,50.41,50.04,50.13,5825200,48.80
2013-01-30,50.65,50.67,50.31,50.37,4091900,49.03
2013-01-29,50.59,50.61,50.18,50.46,6276200,49.12
2013-01-28,50.97,50.98,50.59,50.66,5244100,49.31
2013-01-25,50.46,50.92,50.45,50.90,5682700,49.55
2013-01-24,50.15,50.65,50.15,50.37,4254900,49.03
2013-01-23,49.86,50.04,49.72,49.99,2617200,48.66
2013-01-22,49.78,49.99,49.69,49.95,4556600,48.62
2013-01-18,49.86,49.88,49.54,49.82,5264000,48.50
2013-01-17,49.49,49.89,49.48,49.76,4635800,48.44
2013-01-16,49.26,49.32,49.10,49.24,3741200,47.93
2013-01-15,48.84,49.39,48.77,49.35,8628300,48.04
2013-01-14,49.01,49.14,48.80,48.99,5376900,47.69
2013-01-11,48.82,48.95,48.70,48.87,3370500,47.57
2013-01-10,48.82,48.88,48.52,48.83,5135400,47.53
2013-01-09,48.53,48.80,48.49,48.55,3665200,47.26
2013-01-08,48.46,48.57,48.14,48.47,3875400,47.18
2013-01-07,48.61,48.67,48.36,48.61,3563900,47.32
2013-01-04,48.64,48.79,48.51,48.73,4987600,47.44
2013-01-03,48.56,48.84,48.43,48.55,5612500,47.26
2013-01-02,48.33,48.49,48.07,48.43,9938300,47.14
2012-12-31,46.37,47.47,46.30,47.44,12472000,46.18
2012-12-28,46.66,46.93,46.45,46.51,15385700,45.27
2012-12-27,46.91,47.04,46.24,46.89,5091600,45.64
2012-12-26,47.41,47.41,46.66,46.83,4459100,45.59
2012-12-24,47.15,47.37,46.91,47.32,2563600,46.06
2012-12-21,47.01,47.34,46.95,47.28,8737800,46.02
2012-12-20,47.87,48.03,47.66,48.01,4190400,46.44
2012-12-19,48.37,48.40,47.89,47.91,4581200,46.34
2012-12-18,47.84,48.39,47.76,48.25,11834600,46.67
2012-12-17,46.92,47.72,46.90,47.69,5464700,46.13
2012-12-14,46.91,47.06,46.79,46.85,5065400,45.31
2012-12-13,47.34,47.60,46.94,47.05,3635600,45.51
2012-12-12,47.51,47.66,47.27,47.36,4894300,45.81
2012-12-11,47.42,47.49,47.13,47.30,5448500,45.75
2012-12-10,47.30,47.44,47.12,47.15,7840800,45.60
2012-12-07,47.55,47.55,47.17,47.42,7161500,45.87
2012-12-06,46.96,47.31,46.88,47.24,3803200,45.69
2012-12-05,47.24,47.24,46.60,46.94,6548600,45.40
2012-12-04,47.21,47.27,46.85,47.08,5679800,45.54
2012-12-03,47.83,47.83,47.24,47.28,9836400,45.73
2012-11-30,47.35,47.61,47.22,47.53,5473300,45.97
2012-11-29,47.46,47.63,47.24,47.49,3905700,45.93
2012-11-28,46.67,47.39,46.43,47.36,11784600,45.81
2012-11-27,46.93,47.12,46.72,46.75,4272600,45.22
2012-11-26,46.98,47.04,46.71,46.94,7466300,45.40
2012-11-23,46.74,47.16,46.74,47.16,1889700,45.61
2012-11-21,46.37,46.62,46.31,46.54,5954800,45.01
2012-11-20,46.13,46.54,46.01,46.38,5137100,44.86
2012-11-19,45.71,46.15,45.69,46.15,7312700,44.64
2012-11-16,44.88,45.25,44.66,45.18,10998300,43.70
2012-11-15,44.87,45.16,44.69,44.88,6700500,43.41
2012-11-14,45.79,45.81,44.79,44.91,11105700,43.44
2012-11-13,45.34,45.99,45.29,45.59,3302600,44.10
2012-11-12,45.60,45.68,45.36,45.46,3519700,43.97
2012-11-09,45.27,45.82,45.19,45.42,7380600,43.93
2012-11-08,46.40,46.55,45.63,45.64,6467600,44.14
2012-11-07,46.60,46.76,46.03,46.39,6984600,44.87
2012-11-06,46.82,47.05,46.68,46.94,4752000,45.40
2012-11-05,46.52,46.76,46.32,46.69,6315100,45.16
2012-11-02,47.11,47.25,46.54,46.57,6086900,45.04
2012-11-01,46.25,46.69,46.17,46.60,5129400,45.07
2012-10-31,46.33,46.42,45.71,46.07,9157900,44.56
2012-10-26,45.91,46.02,45.43,45.92,3788600,44.42
2012-10-25,46.13,46.31,45.57,45.77,2995400,44.27
2012-10-24,46.32,46.32,45.80,45.88,2740800,44.38
2012-10-23,45.95,46.20,45.67,46.06,4677200,44.55
2012-10-22,46.55,46.63,46.11,46.43,3277100,44.91
2012-10-19,47.25,47.28,46.41,46.58,7448200,45.05
2012-10-18,47.38,47.67,47.21,47.43,4474600,45.88
2012-10-17,47.26,47.54,47.15,47.40,4981200,45.85
2012-10-16,46.89,47.18,46.89,47.13,3833200,45.59
2012-10-15,46.44,46.77,46.17,46.71,3462100,45.18
2012-10-12,46.28,46.52,46.14,46.25,5718500,44.73
2012-10-11,46.81,46.81,46.14,46.26,5810900,44.74
2012-10-10,46.81,46.91,46.39,46.47,5427500,44.95
2012-10-09,47.48,47.48,46.74,46.76,5789000,45.23
2012-10-08,47.40,47.65,47.37,47.52,2736700,45.96
2012-10-05,47.79,47.97,47.48,47.61,5026200,46.05
2012-10-04,47.28,47.57,47.21,47.47,5413500,45.91
2012-10-03,46.85,47.20,46.68,47.04,3950300,45.50
2012-10-02,46.92,47.01,46.49,46.67,4156900,45.14
2012-10-01,46.91,47.30,46.67,46.76,2687600,45.23
2012-09-28,46.69,46.99,46.44,46.79,3643100,45.26
2012-09-27,46.70,47.17,46.62,46.99,2896800,45.45
2012-09-26,46.81,46.91,46.35,46.52,3516900,45.00
2012-09-25,47.55,47.72,46.83,46.84,2955600,45.31
2012-09-24,47.37,47.51,47.25,47.40,2688500,45.85
2012-09-21,47.77,47.84,47.47,47.53,4708900,45.97
2012-09-20,47.55,47.74,47.37,47.73,3534100,46.01
2012-09-19,47.45,47.93,47.37,47.79,5974800,46.06
2012-09-18,47.38,47.44,47.21,47.30,3267800,45.59
2012-09-17,47.67,47.67,47.39,47.53,2711200,45.81
2012-09-14,47.64,48.01,47.58,47.71,5233500,45.99
2012-09-13,46.90,47.63,46.77,47.52,5856100,45.80
2012-09-12,46.87,47.00,46.70,46.92,4925100,45.22
2012-09-11,46.72,46.84,46.62,46.69,3092200,45.00
2012-09-10,46.78,46.99,46.68,46.71,2940900,45.02
2012-09-07,46.67,46.83,46.60,46.78,4766000,45.09
2012-09-06,45.79,46.56,45.77,46.53,5384400,44.85
2012-09-05,45.50,45.69,45.37,45.51,6203400,43.87
2012-09-04,45.46,45.64,45.15,45.44,6218800,43.80
2012-08-31,45.62,45.75,45.30,45.55,3630800,43.90
2012-08-30,45.42,45.62,45.31,45.36,5625300,43.72
2012-08-29,45.43,45.69,45.37,45.61,4014300,43.96
2012-08-28,45.26,45.52,45.19,45.39,3622200,43.75
2012-08-27,45.50,45.51,45.19,45.30,2789800,43.66
2012-08-24,44.92,45.42,44.89,45.37,2948400,43.73
2012-08-23,45.16,45.21,44.91,45.00,3530300,43.37
2012-08-22,45.09,45.39,45.08,45.31,3781600,43.67
2012-08-21,45.32,45.54,45.09,45.18,3301800,43.55
2012-08-20,45.35,45.38,45.07,45.24,3519100,43.61
2012-08-17,45.28,45.50,45.28,45.43,4577400,43.79
2012-08-16,44.82,45.40,44.82,45.26,7023800,43.62
2012-08-15,44.68,44.93,44.68,44.89,2309200,43.27
2012-08-14,44.95,44.96,44.62,44.75,3547700,43.13
2012-08-13,44.56,44.67,44.37,44.64,2394800,43.03
2012-08-10,44.50,44.65,44.41,44.62,4464300,43.01
2012-08-09,44.63,44.79,44.54,44.66,1718300,43.05
2012-08-08,44.48,44.73,44.34,44.69,4018500,43.08
2012-08-07,44.71,45.06,44.71,44.91,6251400,43.29
2012-08-06,44.40,44.62,44.31,44.49,5418400,42.88
2012-08-03,43.95,44.41,43.92,44.33,7646200,42.73
2012-08-02,43.09,43.69,43.01,43.47,7207700,41.90
2012-08-01,43.83,43.87,43.31,43.36,7889700,41.79
2012-07-31,43.92,43.92,43.54,43.54,5902300,41.97
2012-07-30,44.27,44.40,43.99,44.11,7800700,42.52
2012-07-27,43.65,44.39,43.65,44.28,9931100,42.68
2012-07-26,43.35,43.56,42.99,43.42,5172000,41.85
2012-07-25,42.89,43.01,42.56,42.73,3215700,41.19
2012-07-24,43.14,43.20,42.54,42.82,4903700,41.27
2012-07-23,43.07,43.26,42.79,43.11,3992700,41.55
2012-07-20,43.99,44.05,43.73,43.75,5770700,42.17
2012-07-19,44.10,44.58,43.98,44.29,4190900,42.69
2012-07-18,43.60,44.12,43.54,44.00,7050400,42.41
2012-07-17,43.46,43.89,43.21,43.77,6339200,42.19
2012-07-16,43.38,43.58,43.18,43.34,4051400,41.77
2012-07-13,42.98,43.71,42.92,43.62,6059400,42.04
2012-07-12,42.78,43.10,42.45,42.92,6319800,41.37
2012-07-11,43.26,43.34,42.75,43.02,8805900,41.47
2012-07-10,43.75,43.91,43.11,43.27,6168800,41.71
2012-07-09,43.74,43.79,43.39,43.53,5771700,41.96
2012-07-06,43.61,43.92,43.52,43.77,5307700,42.19
2012-07-05,43.66,44.20,43.63,43.98,5524800,42.39
2012-07-03,43.87,43.97,43.64,43.87,2772000,42.28
2012-07-02,43.81,43.98,43.58,43.91,8392200,42.32
2012-06-29,43.56,43.83,43.21,43.78,10030200,42.20
2012-06-28,42.86,42.98,42.45,42.87,6768500,41.32
2012-06-27,43.15,43.38,42.97,43.11,4064800,41.55
2012-06-26,42.82,43.32,42.69,43.17,7761800,41.61
2012-06-25,42.89,43.01,42.47,42.64,7567700,41.10
2012-06-22,43.26,43.39,43.09,43.31,3888000,41.74
2012-06-21,44.14,44.14,43.08,43.12,7962400,41.56
2012-06-20,44.20,44.28,43.72,44.08,7037200,42.49
2012-06-19,43.94,44.33,43.87,44.13,10536900,42.54
2012-06-18,43.26,43.82,43.17,43.73,5495300,42.15
2012-06-15,43.20,43.46,43.05,43.42,10328600,41.85
2012-06-14,42.76,43.35,42.64,43.15,12104600,41.44
2012-06-13,43.05,43.23,42.44,42.58,11391600,40.90
2012-06-12,42.90,43.27,42.65,43.21,12066300,41.50
2012-06-11,43.75,43.78,42.68,42.75,11057600,41.06
2012-06-08,42.86,43.42,42.68,43.41,6243600,41.69
2012-06-07,43.70,43.70,42.92,43.03,8162500,41.33
2012-06-06,42.47,43.07,42.43,43.03,9054100,41.33
2012-06-05,41.74,42.19,41.71,42.12,6782100,40.45
2012-06-04,41.74,42.02,41.44,41.89,10940500,40.23
2012-06-01,42.37,42.47,41.66,41.74,15053800,40.09
2012-05-31,43.14,43.38,42.70,43.10,9868100,41.40
2012-05-30,43.45,43.51,43.07,43.19,7288400,41.48
2012-05-29,43.63,43.96,43.43,43.88,12327500,42.15
2012-05-25,43.40,43.51,43.15,43.28,6096700,41.57
2012-05-24,43.22,43.42,42.97,43.35,7895000,41.64
2012-05-23,42.62,43.22,42.40,43.15,6635100,41.44
2012-05-22,42.91,43.25,42.64,42.92,9206000,41.22
2012-05-21,41.95,42.76,41.73,42.75,8336700,41.06
2012-05-18,42.46,42.70,41.95,42.01,9487900,40.35
2012-05-17,43.52,43.54,42.30,42.33,15522300,40.66
2012-05-16,43.67,44.00,43.47,43.48,8177900,41.76
2012-05-15,43.58,44.11,43.45,43.55,9828900,41.83
2012-05-14,43.89,44.06,43.61,43.62,11686800,41.90
2012-05-11,44.06,44.74,44.05,44.24,8099600,42.49
2012-05-10,44.43,44.60,44.16,44.33,7800000,42.58
2012-05-09,43.96,44.42,43.69,44.18,11145800,42.43
2012-05-08,44.55,44.56,43.62,44.35,12210100,42.60
2012-05-07,44.78,45.08,44.73,44.89,7754300,43.12
2012-05-04,45.60,45.60,44.87,44.91,9999900,43.13
2012-05-03,46.14,46.18,45.66,45.80,5027300,43.99
2012-05-02,45.75,46.21,45.66,46.16,9648400,44.34
2012-05-01,45.72,46.27,45.57,45.91,7755800,44.10
2012-04-30,45.84,45.84,45.50,45.61,6951600,43.81
2012-04-27,45.64,46.08,45.43,45.87,8953100,44.06
2012-04-26,44.68,45.40,44.68,45.31,5780700,43.52
2012-04-25,44.34,44.78,44.32,44.75,7896400,42.98
2012-04-24,44.21,44.39,43.83,44.01,8880700,42.27
2012-04-23,44.25,44.32,43.87,44.16,6162100,42.41
2012-04-20,44.75,44.98,44.62,44.64,4598100,42.88
2012-04-19,44.93,45.15,44.37,44.57,5706800,42.81
2012-04-18,44.76,45.12,44.70,44.93,4314200,43.15
2012-04-17,44.61,44.99,44.48,44.86,4698200,43.09
2012-04-16,44.66,44.77,44.19,44.39,9921300,42.64
2012-04-13,44.58,44.79,44.34,44.55,6473800,42.79
2012-04-12,44.21,44.71,44.02,44.67,7048200,42.90
2012-04-11,43.94,44.23,43.90,44.11,4521200,42.37
2012-04-10,44.44,44.59,43.42,43.51,17268200,41.79
2012-04-09,44.36,44.70,44.28,44.60,6594000,42.84
2012-04-05,44.55,45.08,44.55,45.01,5713600,43.23
2012-04-04,44.85,44.88,44.42,44.70,7482000,42.93
2012-04-03,45.15,45.40,44.95,45.12,5316300,43.34
2012-04-02,45.02,45.36,44.90,45.21,10855600,43.42
2012-03-30,45.08,45.21,44.83,45.09,4183700,43.31
2012-03-29,44.60,44.93,44.39,44.89,3908800,43.12
2012-03-28,45.32,45.32,44.70,44.90,6696000,43.13
2012-03-27,45.49,45.56,45.26,45.29,4500700,43.50
2012-03-26,45.02,45.39,44.96,45.36,5721900,43.57
2012-03-23,44.53,44.70,44.09,44.65,3527200,42.88
2012-03-22,44.49,44.71,44.41,44.60,4559300,42.84
2012-03-21,44.74,44.85,44.65,44.71,3079400,42.94
2012-03-20,44.37,44.74,44.24,44.65,4767700,42.88
2012-03-19,44.20,44.64,44.18,44.58,7124900,42.82
2012-03-16,44.55,44.56,44.26,44.35,7723800,42.60
2012-03-15,44.47,44.66,44.30,44.63,5270600,42.73
2012-03-14,44.56,44.59,44.34,44.48,6978600,42.59
2012-03-13,44.03,44.54,43.95,44.54,6801300,42.65
2012-03-12,44.00,44.11,43.77,43.86,5386000,42.00
2012-03-09,43.90,44.07,43.80,43.98,4735400,42.11
2012-03-08,43.34,43.82,43.34,43.73,4378100,41.87
2012-03-07,42.96,43.35,42.94,43.29,4815900,41.45
2012-03-06,43.08,43.10,42.67,42.80,5487000,40.98
2012-03-05,43.40,43.57,43.27,43.48,3326100,41.63
2012-03-02,43.42,43.68,43.37,43.52,5799900,41.67
2012-03-01,43.31,43.61,43.29,43.55,4733600,41.70
2012-02-29,43.38,43.51,43.18,43.19,9505900,41.36
2012-02-28,43.11,43.37,43.01,43.35,6126000,41.51
2012-02-27,42.71,43.17,42.59,43.11,4435400,41.28
2012-02-24,42.91,43.04,42.80,42.86,2770100,41.04
2012-02-23,42.70,42.93,42.54,42.91,3536300,41.09
2012-02-22,42.81,42.88,42.55,42.70,4632200,40.89
2012-02-21,43.10,43.21,42.72,42.81,4118300,40.99
2012-02-17,42.70,43.03,42.70,42.96,3370700,41.14
2012-02-16,42.34,42.65,42.31,42.59,4967500,40.78
2012-02-15,42.79,42.87,42.31,42.41,4970400,40.61
2012-02-14,42.43,42.63,42.28,42.60,3854100,40.79
2012-02-13,42.61,42.71,42.49,42.65,4839600,40.84
2012-02-10,42.11,42.36,42.06,42.31,3183500,40.51
2012-02-09,42.45,42.58,42.16,42.54,4129400,40.73
2012-02-08,42.47,42.67,42.21,42.47,4260900,40.67
2012-02-07,42.17,42.43,42.04,42.37,9408600,40.57
2012-02-06,41.99,42.24,41.98,42.17,2585800,40.38
2012-02-03,41.71,42.26,41.71,42.26,5561800,40.46
2012-02-02,41.44,41.51,41.21,41.41,3607100,39.65
2012-02-01,41.40,41.61,41.31,41.46,5627200,39.70
2012-01-31,41.59,41.62,41.16,41.32,3414200,39.56
2012-01-30,41.09,41.40,40.83,41.33,4951600,39.57
2012-01-27,41.24,41.53,41.15,41.45,3381400,39.69
2012-01-26,41.75,41.90,41.32,41.48,3739900,39.72
2012-01-25,41.22,41.64,41.05,41.55,4075500,39.79
2012-01-24,40.98,41.27,40.85,41.25,2817500,39.50
2012-01-23,41.17,41.42,40.85,41.13,2931200,39.38
2012-01-20,41.49,41.49,41.04,41.16,6034000,39.41
2012-01-19,41.20,41.57,41.15,41.50,3951700,39.74
2012-01-18,40.57,41.18,40.41,41.14,4465000,39.39
2012-01-17,40.61,40.75,40.43,40.49,2358700,38.77
2012-01-13,40.20,40.38,39.97,40.38,3423200,38.66
2012-01-12,40.39,40.49,40.08,40.43,2094100,38.71
2012-01-11,40.18,40.39,40.16,40.31,2610500,38.60
2012-01-10,40.33,40.35,40.11,40.25,3856500,38.54
2012-01-09,40.16,40.16,39.83,39.99,3071400,38.29
2012-01-06,40.01,40.20,39.80,40.05,3092600,38.35
2012-01-05,39.44,39.99,39.23,39.99,4576300,38.29
2012-01-04,39.28,39.75,39.28,39.66,3118300,37.98
2012-01-03,39.67,39.81,39.35,39.35,12055500,37.68
2011-12-30,39.21,39.26,39.02,39.02,1987600,37.36
2011-12-29,38.88,39.27,38.88,39.27,2319700,37.60
2011-12-28,39.41,39.41,38.75,38.87,2668000,37.22
2011-12-27,39.03,39.39,39.00,39.30,2113100,37.63
2011-12-23,38.94,39.21,38.86,39.18,1991600,37.52
2011-12-22,38.80,38.84,38.62,38.75,3421700,37.10
2011-12-21,38.57,38.74,38.28,38.64,3355500,37.00
2011-12-20,38.05,38.59,38.01,38.51,5791700,36.87
2011-12-19,38.00,38.20,37.37,37.48,5161400,35.89
2011-12-16,38.15,38.36,37.84,37.90,12432000,36.29
2011-12-15,38.36,38.43,38.06,38.12,7489400,36.29
2011-12-14,38.38,38.38,37.81,38.06,7996500,36.23
2011-12-13,39.42,39.48,38.30,38.46,7897800,36.61
2011-12-12,39.06,39.27,38.68,39.23,14243900,37.35
2011-12-09,38.91,39.49,38.90,39.35,6603100,37.46
2011-12-08,39.34,39.45,38.64,38.71,6413700,36.85
2011-12-07,39.15,39.73,38.95,39.55,4717900,37.65
2011-12-06,39.39,39.53,39.19,39.30,6142100,37.41
2011-12-05,39.67,39.75,39.19,39.43,4591700,37.54
2011-12-02,39.21,39.43,39.04,39.07,5729400,37.19
2011-12-01,38.69,39.54,38.61,38.77,4376000,36.91
2011-11-30,38.63,38.78,38.31,38.74,8710200,36.88
2011-11-29,37.55,37.78,37.39,37.57,4841600,35.77
2011-11-28,37.34,37.67,37.21,37.44,5567200,35.64
2011-11-25,36.39,36.78,36.33,36.33,2988700,34.59
2011-11-23,36.91,37.04,36.49,36.53,4668900,34.78
2011-11-22,37.23,37.46,36.91,37.27,3932800,35.48
2011-11-21,37.37,37.45,36.82,37.29,5852300,35.50
2011-11-18,38.07,38.13,37.65,37.88,3869900,36.06
2011-11-17,38.53,38.62,37.69,37.90,6999700,36.08
2011-11-16,38.97,39.30,38.51,38.58,4901800,36.73
2011-11-15,39.01,39.53,38.83,39.32,3898100,37.43
2011-11-14,39.29,39.52,39.02,39.18,3483800,37.30
2011-11-11,38.88,39.56,38.88,39.47,6706500,37.58
2011-11-10,38.54,38.60,37.99,38.50,6754400,36.65
2011-11-09,38.76,38.80,38.00,38.14,6888200,36.31
2011-11-08,39.36,39.61,38.77,39.55,8445700,37.65
2011-11-07,39.00,39.18,38.59,39.17,4544100,37.29
2011-11-04,38.83,39.02,38.48,38.92,4696700,37.05
2011-11-03,38.93,39.16,38.12,39.07,6738400,37.19
2011-11-02,38.82,38.82,38.24,38.57,5430700,36.72
2011-11-01,38.05,38.56,37.82,38.18,10708600,36.35
2011-10-31,39.23,39.51,38.99,39.02,6493500,37.15
2011-10-28,39.77,39.86,39.36,39.63,9072200,37.73
2011-10-27,39.92,40.17,39.22,39.94,12983600,38.02
2011-10-26,39.08,39.19,38.22,38.88,16208100,37.01
2011-10-25,39.69,39.69,38.91,39.03,11092100,37.16
2011-10-24,39.55,40.04,39.37,39.90,13107600,37.98
2011-10-21,38.80,39.34,38.74,39.32,10418600,37.43
2011-10-20,38.15,38.43,37.65,38.26,8995500,36.42
2011-10-19,38.71,38.74,37.93,38.07,7405400,36.24
2011-10-18,37.89,38.96,37.49,38.65,11290000,36.79
2011-10-17,38.48,38.64,37.87,37.88,5927800,36.06
2011-10-14,38.53,38.72,38.20,38.67,6166900,36.81
2011-10-13,37.95,38.22,37.75,38.05,8828400,36.22
2011-10-12,37.92,38.59,37.89,38.08,9778400,36.25
2011-10-11,37.46,37.80,37.36,37.74,7980000,35.93
2011-10-10,36.75,37.61,36.75,37.58,6577300,35.78
2011-10-07,36.59,36.76,36.06,36.35,11920000,34.61
2011-10-06,35.52,36.42,35.44,36.38,8903100,34.63
2011-10-05,35.07,35.65,34.67,35.55,14089300,33.84
2011-10-04,33.40,34.99,33.07,34.91,17657700,33.23
2011-10-03,34.61,35.21,33.84,33.84,22001300,32.22
2011-09-30,35.27,35.79,34.86,34.86,13225700,33.19
2011-09-29,36.83,36.87,35.15,35.89,13368400,34.17
2011-09-28,36.91,37.25,36.15,36.19,9743100,34.45
2011-09-27,37.25,37.55,36.62,36.82,12552600,35.05
2011-09-26,36.07,36.57,35.40,36.57,14192800,34.81
2011-09-23,34.96,35.94,34.94,35.73,16589600,34.01
2011-09-22,35.18,35.91,34.67,35.20,28196100,33.51
2011-09-21,37.58,37.64,36.29,36.29,14209400,34.55
2011-09-20,37.86,38.23,37.47,37.50,13814700,35.70
2011-09-19,37.13,37.91,37.00,37.70,6554100,35.89
2011-09-16,37.50,37.81,37.37,37.77,11630800,35.96
2011-09-15,37.34,37.54,36.87,37.48,7848600,35.56
2011-09-14,36.44,37.32,35.95,36.86,10082300,34.97
2011-09-13,35.92,36.38,35.67,36.26,8314600,34.40
2011-09-12,34.84,35.85,34.84,35.84,8871600,34.00
2011-09-09,35.93,36.11,35.17,35.42,11124000,33.60
2011-09-08,36.64,37.00,36.24,36.38,7434000,34.52
2011-09-07,36.44,36.90,36.28,36.88,8546500,34.99
2011-09-06,35.01,36.00,34.99,35.95,8781000,34.11
2011-09-02,36.36,36.54,35.94,36.06,12263800,34.21
2011-09-01,37.55,37.90,37.06,37.11,9822200,35.21
2011-08-31,37.60,37.99,37.25,37.57,8406900,35.64
2011-08-30,37.08,37.60,36.76,37.34,13723000,35.43
2011-08-29,36.58,37.20,36.52,37.17,9910200,35.26
2011-08-26,35.14,36.32,34.75,36.12,10999400,34.27
2011-08-25,36.27,36.42,35.26,35.38,11603900,33.57
2011-08-24,35.33,36.12,35.27,36.10,10335200,34.25
2011-08-23,34.27,35.48,34.13,35.47,9892600,33.65
2011-08-22,34.81,34.90,34.07,34.15,10965700,32.40
2011-08-19,34.04,35.19,33.99,34.05,15118200,32.30
2011-08-18,35.29,35.33,34.20,34.55,17188600,32.78
2011-08-17,36.74,36.88,35.89,36.35,9699600,34.49
2011-08-16,36.40,36.75,36.00,36.40,9129600,34.53
2011-08-15,36.25,36.60,35.97,36.60,21470900,34.72
2011-08-12,35.97,36.29,35.56,36.07,10715600,34.22
2011-08-11,34.42,36.09,34.25,35.63,19358400,33.80
2011-08-10,34.78,35.23,34.02,34.12,23240400,32.37
2011-08-09,34.53,35.67,33.42,35.64,25261000,33.81
2011-08-08,35.42,35.80,33.91,34.06,26310700,32.31
2011-08-05,36.82,37.05,35.36,36.34,24836400,34.48
2011-08-04,37.63,37.73,36.36,36.37,23055400,34.51
2011-08-03,38.04,38.27,37.25,38.23,13997500,36.27
2011-08-02,39.11,39.28,37.95,37.95,12166200,36.00
2011-08-01,40.10,40.10,38.95,39.44,8141700,37.42
2011-07-29,39.62,40.04,39.29,39.65,9134000,37.62
2011-07-28,40.09,40.38,39.76,39.84,6673100,37.80
2011-07-27,40.71,40.72,39.97,40.04,9608400,37.99
2011-07-26,40.83,40.88,40.58,40.75,4969800,38.66
2011-07-25,40.64,40.99,40.64,40.82,3973900,38.73
2011-07-22,40.95,41.15,40.79,41.09,4104600,38.98
2011-07-21,40.65,41.16,40.63,40.93,6940100,38.83
2011-07-20,40.75,40.76,40.31,40.46,4986900,38.39
2011-07-19,40.20,40.76,40.20,40.67,8481500,38.59
2011-07-18,40.11,40.19,39.63,39.90,6023900,37.85
2011-07-15,40.47,40.47,40.00,40.29,15668000,38.22
2011-07-14,40.69,40.88,40.12,40.27,6053900,38.21
2011-07-13,40.63,41.02,40.51,40.58,6116000,38.50
2011-07-12,40.50,40.81,40.35,40.37,9494900,38.30
2011-07-11,40.75,41.07,40.41,40.57,9967800,38.49
2011-07-08,41.05,41.37,40.97,41.37,6181300,39.25
2011-07-07,41.50,41.78,41.44,41.62,7872000,39.49
2011-07-06,41.11,41.13,40.92,41.05,5560500,38.95
2011-07-05,40.95,41.36,40.89,41.20,11837800,39.09
2011-07-01,40.29,41.08,40.19,41.02,9654700,38.92
2011-06-30,39.99,40.30,39.94,40.21,9225700,38.15
2011-06-29,39.94,40.05,39.65,39.89,12873300,37.85
2011-06-28,39.23,39.71,39.13,39.71,14877600,37.67
2011-06-27,38.60,39.14,38.35,38.97,5412800,36.97
2011-06-24,38.88,38.99,38.42,38.50,9967100,36.53
2011-06-23,38.24,38.92,38.15,38.88,12552300,36.89
2011-06-22,38.98,39.12,38.72,38.74,7569600,36.75
2011-06-21,38.45,39.09,38.34,39.04,12653600,37.04
2011-06-20,37.80,38.40,37.75,38.26,5102500,36.30
2011-06-17,37.99,38.22,37.83,37.95,10330900,36.00
2011-06-16,37.90,38.08,37.52,37.80,8533900,35.74
2011-06-15,38.06,38.33,37.82,37.89,19880100,35.82
2011-06-14,38.16,38.56,38.16,38.48,9296900,36.38
2011-06-13,37.91,38.13,37.60,37.81,9559200,35.75
2011-06-10,38.37,38.43,37.81,37.86,9624300,35.79
2011-06-09,38.35,38.71,38.22,38.57,5664900,36.46
2011-06-08,38.54,38.57,38.19,38.25,10020100,36.16
2011-06-07,38.77,38.97,38.55,38.55,5010100,36.45
2011-06-06,38.84,38.99,38.50,38.51,5193100,36.41
2011-06-03,38.92,39.24,38.84,38.92,7262200,36.80
2011-06-02,39.54,39.69,39.21,39.43,7908200,37.28
2011-06-01,40.29,40.36,39.49,39.52,12634300,37.36
2011-05-31,40.54,40.54,40.24,40.44,5988700,38.23
2011-05-27,40.11,40.30,40.04,40.16,4265200,37.97
2011-05-26,39.68,40.14,39.63,40.06,6675600,37.87
2011-05-25,39.56,39.87,39.43,39.70,5647400,37.53
2011-05-24,40.04,40.04,39.64,39.69,4824600,37.52
2011-05-23,39.78,40.07,39.71,39.89,5400000,37.71
2011-05-20,40.49,40.62,40.09,40.27,6408200,38.07
2011-05-19,40.65,40.69,40.41,40.66,4277100,38.44
2011-05-18,40.09,40.55,39.95,40.53,6408700,38.32
2011-05-17,39.90,40.16,39.77,40.06,16339500,37.87
2011-05-16,40.39,40.46,39.93,40.02,8776800,37.84
2011-05-13,40.90,40.95,40.46,40.56,5188400,38.35
2011-05-12,40.38,40.88,40.27,40.87,7700000,38.64
2011-05-11,40.83,40.83,40.26,40.47,4923700,38.26
2011-05-10,40.45,40.93,40.43,40.86,5031600,38.63
2011-05-09,40.30,40.50,40.18,40.34,4275600,38.14
2011-05-06,40.81,40.81,40.18,40.29,5854900,38.09
2011-05-05,40.07,40.64,40.02,40.26,8100000,38.06
2011-05-04,40.51,40.66,40.05,40.37,10765700,38.17
2011-05-03,40.66,40.74,40.28,40.46,6639800,38.25
2011-05-02,40.71,41.02,40.63,40.69,9338400,38.47
2011-04-29,40.61,40.72,40.50,40.55,10400000,38.34
2011-04-28,40.34,40.65,40.34,40.58,6059100,38.36
2011-04-27,40.06,40.48,40.04,40.42,6458000,38.21
2011-04-26,39.95,40.11,39.84,39.94,7000000,37.76
2011-04-25,39.93,39.95,39.74,39.87,4211200,37.69
2011-04-21,39.85,39.95,39.65,39.91,4312600,37.73
2011-04-20,39.54,39.84,39.50,39.69,8607500,37.52
2011-04-19,38.89,39.03,38.74,38.99,4465100,36.86
2011-04-18,38.83,38.96,38.46,38.90,8995800,36.78
2011-04-15,39.12,39.37,39.01,39.25,6455100,37.11
2011-04-14,38.90,39.12,38.70,39.06,4114700,36.93
2011-04-13,39.20,39.25,38.85,39.15,8066600,37.01
2011-04-12,38.86,39.14,38.79,39.02,8986300,36.89
2011-04-11,39.09,39.30,38.92,39.07,4786700,36.94
2011-04-08,39.46,39.48,38.87,39.06,8505800,36.93
2011-04-07,39.33,39.55,39.03,39.29,9894700,37.15
2011-04-06,39.68,39.80,39.26,39.45,7317500,37.30
2011-04-05,39.25,39.72,39.25,39.52,4011600,37.36
2011-04-04,39.40,39.51,39.26,39.39,2887200,37.24
2011-04-01,39.29,39.58,39.14,39.30,6024600,37.15
2011-03-31,39.06,39.13,38.83,39.05,5549800,36.92
2011-03-30,39.02,39.25,38.90,39.19,7024700,37.05
2011-03-29,38.41,38.78,38.34,38.77,6115000,36.65
2011-03-28,38.93,38.93,38.41,38.42,9778000,36.32
2011-03-25,38.88,39.08,38.74,38.82,3540700,36.70
2011-03-24,38.37,38.86,38.35,38.75,5014600,36.63
2011-03-23,37.77,38.29,37.52,38.19,7459900,36.11
2011-03-22,38.14,38.19,37.84,37.86,6730300,35.79
2011-03-21,38.06,38.23,37.94,38.16,13363700,36.08
2011-03-18,38.00,38.02,37.53,37.58,17804100,35.53
2011-03-17,38.05,38.18,37.69,37.73,6198100,35.55
2011-03-16,37.98,38.21,37.38,37.56,9524800,35.39
2011-03-15,37.66,38.46,37.49,38.21,7486300,36.00
2011-03-14,38.70,38.83,38.20,38.53,6653500,36.30
2011-03-11,38.62,39.15,38.51,39.01,10659500,36.76
2011-03-10,38.77,39.08,38.60,38.77,9614500,36.53
2011-03-09,39.05,39.32,38.85,39.22,6951200,36.95
2011-03-08,38.84,39.24,38.64,39.13,5376800,36.87
2011-03-07,39.23,39.45,38.60,38.82,8304100,36.58
2011-03-04,39.44,39.53,38.88,39.21,8189200,36.95
2011-03-03,39.24,39.55,39.13,39.50,7589100,37.22
2011-03-02,38.58,38.96,38.55,38.81,7406700,36.57
2011-03-01,39.47,39.58,38.61,38.66,10040800,36.43
2011-02-28,39.18,39.41,39.10,39.41,4881400,37.13
2011-02-25,38.96,39.21,38.84,39.11,4290600,36.85
2011-02-24,38.54,38.79,38.20,38.71,9447200,36.47
2011-02-23,39.08,39.21,38.10,38.48,8957900,36.26
2011-02-22,39.56,39.67,38.94,39.05,7699700,36.79
2011-02-18,39.80,40.02,39.73,40.01,3688900,37.70
2011-02-17,39.65,39.90,39.53,39.80,3303400,37.50
2011-02-16,39.69,39.82,39.54,39.79,4626400,37.49
2011-02-15,39.27,39.51,39.19,39.47,3015800,37.19
2011-02-14,39.52,39.52,39.27,39.42,3527600,37.14
2011-02-11,39.09,39.62,38.96,39.58,5155300,37.29
2011-02-10,38.99,39.23,38.88,39.18,4508400,36.92
2011-02-09,38.87,39.24,38.87,39.13,5755800,36.87
2011-02-08,38.44,38.90,38.44,38.87,5743000,36.63
2011-02-07,38.28,38.59,38.19,38.41,4140200,36.19
2011-02-04,37.98,38.24,37.89,38.21,4876000,36.00
2011-02-03,37.63,38.01,37.58,37.95,5515400,35.76
2011-02-02,37.54,37.62,37.40,37.51,4005600,35.34
2011-02-01,37.42,37.68,37.29,37.62,4844300,35.45
2011-01-31,37.24,37.37,37.05,37.18,4939700,35.03
2011-01-28,38.10,38.14,37.03,37.10,11102300,34.96
2011-01-27,38.22,38.41,38.10,38.35,4361000,36.14
2011-01-26,38.11,38.27,37.92,38.05,4859500,35.85
2011-01-25,37.85,38.02,37.65,37.99,5713300,35.80
2011-01-24,37.81,38.02,37.64,37.97,4842500,35.78
2011-01-21,38.03,38.08,37.74,37.82,4287000,35.64
2011-01-20,37.56,37.87,37.52,37.73,6698800,35.55
2011-01-19,37.96,38.06,37.56,37.65,6316000,35.48
2011-01-18,38.02,38.09,37.92,38.03,4013400,35.83
2011-01-14,37.62,37.95,37.57,37.92,4588200,35.73
2011-01-13,37.75,37.82,37.59,37.69,4640200,35.51
2011-01-12,37.86,37.90,37.66,37.75,20994600,35.57
2011-01-11,37.94,37.94,37.55,37.66,3151400,35.49
2011-01-10,37.52,37.76,37.34,37.67,4562500,35.49
2011-01-07,37.78,37.89,37.38,37.70,5417400,35.52
2011-01-06,37.88,37.88,37.63,37.72,3691100,35.54
2011-01-05,37.47,37.97,37.47,37.95,6155600,35.76
2011-01-04,37.94,37.99,37.44,37.64,3657400,35.47
2011-01-03,37.71,38.06,37.67,37.85,4254200,35.66
